folder,sample_rate,channels,bit_depth,subtype,duration_sec,distance,height
20241115_093128,96000,8,32,PCM_32,60.0,,
20241115_093611,96000,8,32,PCM_32,40.0,20,20
20241115_093711,96000,8,32,PCM_32,40.0,20,20
20241115_093804,96000,8,32,PCM_32,40.0,20,20
20241115_093858,96000,8,32,PCM_32,40.0,20,20
20241115_094002,96000,8,32,PCM_32,40.0,20,10
20241115_094100,96000,8,32,PCM_32,40.0,20,10
20241115_094149,96000,8,32,PCM_32,40.0,20,10
20241115_094238,96000,8,32,PCM_32,40.0,20,10
20241115_094427,96000,8,32,PCM_32,40.0,20,10
20241115_094518,96000,8,32,PCM_32,40.0,20,10
20241115_094607,96000,8,32,PCM_32,40.0,20,10
20241115_094700,96000,8,32,PCM_32,40.0,20,10
20241115_095115,96000,8,32,PCM_32,40.0,20,20
20241115_095206,96000,8,32,PCM_32,40.0,20,20
20241115_095305,96000,8,32,PCM_32,40.0,20,20
20241115_095353,96000,8,32,PCM_32,40.0,20,20
20241115_095838,96000,8,32,PCM_32,40.0,20,10
20241115_095930,96000,8,32,PCM_32,40.0,20,10
20241115_100248,96000,8,32,PCM_32,40.0,20,10
20241115_100345,96000,8,32,PCM_32,40.0,20,10
20241115_100447,96000,8,32,PCM_32,40.0,20,20
20241115_100536,96000,8,32,PCM_32,40.0,20,20
20241115_100625,96000,8,32,PCM_32,40.0,20,20
20241115_100715,96000,8,32,PCM_32,40.0,20,20
20241115_100848,96000,8,32,PCM_32,40.0,20,10
20241115_100956,96000,8,32,PCM_32,40.0,20,10
20241115_101056,96000,8,32,PCM_32,40.0,20,10
20241115_101200,96000,8,32,PCM_32,40.0,20,10
20241115_101304,96000,8,32,PCM_32,40.0,20,20
20241115_101358,96000,8,32,PCM_32,40.0,20,20
20241115_101450,96000,8,32,PCM_32,40.0,20,20
20241115_101633,96000,8,32,PCM_32,40.0,20,20
20241115_101957,96000,8,32,PCM_32,40.0,20,10
20241115_102054,96000,8,32,PCM_32,40.0,20,10
20241115_102151,96000,8,32,PCM_32,40.0,20,10
20241115_102243,96000,8,32,PCM_32,40.0,20,10
20241115_102357,96000,8,32,PCM_32,40.0,20,20
20241115_102454,96000,8,32,PCM_32,40.0,20,20
20241115_102552,96000,8,32,PCM_32,40.0,20,20
20241115_102643,96000,8,32,PCM_32,40.0,20,20
20241115_102853,96000,8,32,PCM_32,40.0,20,10
20241115_102958,96000,8,32,PCM_32,40.0,20,10
20241115_103054,96000,8,32,PCM_32,40.0,20,10
20241115_103157,96000,8,32,PCM_32,40.0,20,10
20241115_103304,96000,8,32,PCM_32,40.0,20,20
20241115_103622,96000,8,32,PCM_32,40.0,20,20
20241115_103714,96000,8,32,PCM_32,40.0,20,20
20241115_103813,96000,8,32,PCM_32,40.0,20,20
20241115_103931,96000,8,32,PCM_32,40.0,,
20241115_104555,96000,8,32,PCM_32,40.0,20,10
20241115_104701,96000,8,32,PCM_32,40.0,20,10
20241115_104807,96000,8,32,PCM_32,40.0,20,10
20241115_104945,96000,8,32,PCM_32,40.0,20,10
20241115_105152,96000,8,32,PCM_32,40.0,20,20
20241115_105251,96000,8,32,PCM_32,40.0,20,20
20241115_105408,96000,8,32,PCM_32,40.0,20,20
20241115_105515,96000,8,32,PCM_32,40.0,20,20
20241115_105745,96000,8,32,PCM_32,40.0,20,10
20241115_110223,96000,8,32,PCM_32,40.0,20,10
20241115_110320,96000,8,32,PCM_32,40.0,20,10
20241115_110413,96000,8,32,PCM_32,40.0,20,10
20241115_110533,96000,8,32,PCM_32,40.0,20,20
20241115_110645,96000,8,32,PCM_32,40.0,20,20
20241115_110737,96000,8,32,PCM_32,40.0,20,20
20241115_110833,96000,8,32,PCM_32,40.0,20,20
20241115_111025,96000,8,32,PCM_32,40.0,10,10
20241115_111130,96000,8,32,PCM_32,40.0,10,10
20241115_111239,96000,8,32,PCM_32,40.0,10,10
20241115_111353,96000,8,32,PCM_32,40.0,10,10
20241115_111523,96000,8,32,PCM_32,40.097,10,20
20241115_111723,96000,8,32,PCM_32,256.398,,
20241115_112419,96000,8,32,PCM_32,40.0,10,20
20241115_112539,96000,8,32,PCM_32,40.0,10,20
20241115_112659,96000,8,32,PCM_32,40.0,10,20
20241115_112837,96000,8,32,PCM_32,40.0,10,10
20241115_112934,96000,8,32,PCM_32,40.0,10,10
20241115_113031,96000,8,32,PCM_32,40.0,10,10
20241115_113134,96000,8,32,PCM_32,40.0,10,10
20241115_113246,96000,8,32,PCM_32,40.0,10,20
20241115_113351,96000,8,32,PCM_32,40.0,10,20
20241115_113451,96000,8,32,PCM_32,40.0,10,20
20241115_113553,96000,8,32,PCM_32,40.0,10,20
20241115_113809,96000,8,32,PCM_32,40.0,10,10
20241115_113908,96000,8,32,PCM_32,40.0,10,10
20241115_114658,96000,8,32,PCM_32,40.0,10,10
20241115_114800,96000,8,32,PCM_32,40.0,10,10
20241115_114905,96000,8,32,PCM_32,40.0,10,20
20241115_115019,96000,8,32,PCM_32,40.0,10,20
20241115_115134,96000,8,32,PCM_32,40.0,10,20
20241115_115235,96000,8,32,PCM_32,40.0,10,20
20241115_115451,96000,8,32,PCM_32,40.0,10,10
20241115_115648,96000,8,32,PCM_32,40.0,10,10
20241115_115944,96000,8,32,PCM_32,40.0,10,10
20241115_120050,96000,8,32,PCM_32,40.0,10,10
20241115_120154,96000,8,32,PCM_32,40.0,10,20
20241115_120446,96000,8,32,PCM_32,40.0,10,20
20241115_120542,96000,8,32,PCM_32,40.0,10,20
20241115_120639,96000,8,32,PCM_32,40.0,10,20
20241115_120819,96000,8,32,PCM_32,40.0,10,10
20241115_120950,96000,8,32,PCM_32,40.0,10,10
20241115_121111,96000,8,32,PCM_32,40.0,10,10
20241115_121211,96000,8,32,PCM_32,40.0,10,10
20241115_121337,96000,8,32,PCM_32,40.0,10,20
20241115_121447,96000,8,32,PCM_32,40.0,10,20
20241115_121554,96000,8,32,PCM_32,40.0,10,20
20241115_121644,96000,8,32,PCM_32,40.0,10,20
20241115_121806,96000,8,32,PCM_32,40.0,10,10
20241115_122022,96000,8,32,PCM_32,40.0,10,10
20241115_122117,96000,8,32,PCM_32,40.0,10,10
20241115_122209,96000,8,32,PCM_32,40.0,10,10
20241115_122311,96000,8,32,PCM_32,40.0,10,20
20241115_122400,96000,8,32,PCM_32,40.0,10,20
20241115_122500,96000,8,32,PCM_32,40.0,10,20
20241115_122613,96000,8,32,PCM_32,40.0,10,20
20241115_122737,96000,8,32,PCM_32,40.0,10,10
20241115_122826,96000,8,32,PCM_32,40.0,10,10
20241115_122918,96000,8,32,PCM_32,40.0,10,10
20241115_123037,96000,8,32,PCM_32,40.0,10,10
20241115_123133,96000,8,32,PCM_32,40.0,10,20
20241115_123223,96000,8,32,PCM_32,40.0,10,20
20241115_123322,96000,8,32,PCM_32,40.0,10,20
20241115_123414,96000,8,32,PCM_32,40.0,10,20
20241115_123816,96000,8,32,PCM_32,40.0,10,10
20241115_123908,96000,8,32,PCM_32,40.0,10,10
20241115_123958,96000,8,32,PCM_32,40.0,10,10
20241115_124050,96000,8,32,PCM_32,40.0,10,10
20241115_124203,96000,8,32,PCM_32,40.0,10,20
20241115_124309,96000,8,32,PCM_32,40.0,10,20
20241115_124357,96000,8,32,PCM_32,40.0,10,20
20241115_124447,96000,8,32,PCM_32,40.0,10,20
20241115_124759,96000,8,32,PCM_32,60.0,,
